,trainLosses,validLosses
0,1.6605464639399568,1.5798061158264194
