,trainLosses,validLosses
0,1.6605464639399568,1.5798061158264194
1,1.5460399747927533,1.5506402529120176
2,1.5182753871086547,1.535150923013149
3,1.505427175327764,1.530956150419825
